Workbook
Name Slicer_Attendance: #N/A
Name Slicer_Feedback: #N/A
Name Slicer_Team: #N/A

Sheet Dashboard

Sheet MIS Report
A1: Metric | B1: Values | C1: MIS REPORT
A2: Total Employees | B2: =COUNT(B7:B56) -> 50
A3: Total Calls | B3: =SUM(G7:G56) -> 2833
A4: Average AHT | B4: =AVERAGE(H7:H56) -> 878.3
A5: Positive Feedback | B5: =COUNTIF(I7:I56,"Positive") -> 33
A6: Team | B6: EMP ID | C6: Name | D6: Attendance | E6: Login Hours | F6: Break | G6: Calls | H6: AHT | I6: Feedback | J6: Result
A7: Team A | B7: 101 | C7: =VLOOKUP(B7,'Teams Detail'!A2:C51,2,TRUE) -> Rahul | D7: =VLOOKUP(B7,'Attendence(HR)'!A2:B51,2,TRUE) -> Present | E7: =VLOOKUP(B7,'Login Report(WFM)'!A2:C51,2,TRUE) -> 9 | F7: =VLOOKUP(B7,'Login Report(WFM)'!A2:C51,3,TRUE) -> 1 | G7: =VLOOKUP(B7,'Calls Report'!A2:C51,3,TRUE) -> 60 | H7: =VLOOKUP(B7,'Calls Report'!A2:C51,2,TRUE) -> 850 | I7: =VLOOKUP(B7,'Cutomer Feedback'!A2:B51,2,TRUE) -> Positive | J7: =IF(AND(G7>=50,H7<=850,I7="Positive"),"Top Performer",IF(AND(G7>=50,H7<=900,I7="Positive"),"Good Performer","Needs Improvement")) -> Top Performer
A8: Team A | B8: 102 | C8: =VLOOKUP(B8,'Teams Detail'!A3:C52,2,TRUE) -> Amit | D8: =VLOOKUP(B8,'Attendence(HR)'!A3:B52,2,TRUE) -> Present | E8: =VLOOKUP(B8,'Login Report(WFM)'!A3:C52,2,TRUE) -> 8.5 | F8: =VLOOKUP(B8,'Login Report(WFM)'!A3:C52,3,TRUE) -> 0.5 | G8: =VLOOKUP(B8,'Calls Report'!A3:C52,3,TRUE) -> 45 | H8: =VLOOKUP(B8,'Calls Report'!A3:C52,2,TRUE) -> 920 | I8: =VLOOKUP(B8,'Cutomer Feedback'!A3:B52,2,TRUE) -> Negative | J8: =IF(AND(G8>=50,H8<=850,I8="Positive"),"Top Performer",IF(AND(G8>=50,H8<=900,I8="Positive"),"Good Performer","Needs Improvement")) -> Needs Improvement
A9: Team A | B9: 103 | C9: =VLOOKUP(B9,'Teams Detail'!A4:C53,2,TRUE) -> Neha | D9: =VLOOKUP(B9,'Attendence(HR)'!A4:B53,2,TRUE) -> Present | E9: =VLOOKUP(B9,'Login Report(WFM)'!A4:C53,2,TRUE) -> 9 | F9: =VLOOKUP(B9,'Login Report(WFM)'!A4:C53,3,TRUE) -> 1 | G9: =VLOOKUP(B9,'Calls Report'!A4:C53,3,TRUE) -> 70 | H9: =VLOOKUP(B9,'Calls Report'!A4:C53,2,TRUE) -> 780 | I9: =VLOOKUP(B9,'Cutomer Feedback'!A4:B53,2,TRUE) -> Positive | J9: =IF(AND(G9>=50,H9<=850,I9="Positive"),"Top Performer",IF(AND(G9>=50,H9<=900,I9="Positive"),"Good Performer","Needs Improvement")) -> Top Performer
A10: Team A | B10: 104 | C10: =VLOOKUP(B10,'Teams Detail'!A5:C54,2,TRUE) -> Priya | D10: =VLOOKUP(B10,'Attendence(HR)'!A5:B54,2,TRUE) -> Week Off | E10: =VLOOKUP(B10,'Login Report(WFM)'!A5:C54,2,TRUE) -> 9 | F10: =VLOOKUP(B10,'Login Report(WFM)'!A5:C54,3,TRUE) -> 1 | G10: =VLOOKUP(B10,'Calls Report'!A5:C54,3,TRUE) -> 55 | H10: =VLOOKUP(B10,'Calls Report'!A5:C54,2,TRUE) -> 880 | I10: =VLOOKUP(B10,'Cutomer Feedback'!A5:B54,2,TRUE) -> Neutral | J10: =IF(AND(G10>=50,H10<=850,I10="Positive"),"Top Performer",IF(AND(G10>=50,H10<=900,I10="Positive"),"Good Performer","Needs Improvement")) -> Needs Improvement
A11: Team A | B11: 105 | C11: =VLOOKUP(B11,'Teams Detail'!A6:C55,2,TRUE) -> Rohit | D11: =VLOOKUP(B11,'Attendence(HR)'!A6:B55,2,TRUE) -> Present | E11: =VLOOKUP(B11,'Login Report(WFM)'!A6:C55,2,TRUE) -> 9 | F11: =VLOOKUP(B11,'Login Report(WFM)'!A6:C55,3,TRUE) -> 1 | G11: =VLOOKUP(B11,'Calls Report'!A6:C55,3,TRUE) -> 52 | H11: =VLOOKUP(B11,'Calls Report'!A6:C55,2,TRUE) -> 910 | I11: =VLOOKUP(B11,'Cutomer Feedback'!A6:B55,2,TRUE) -> Positive | J11: =IF(AND(G11>=50,H11<=850,I11="Positive"),"Top Performer",IF(AND(G11>=50,H11<=900,I11="Positive"),"Good Performer","Needs Improvement")) -> Needs Improvement
A12: Team A | B12: 106 | C12: =VLOOKUP(B12,'Teams Detail'!A7:C56,2,TRUE) -> Sonia | D12: =VLOOKUP(B12,'Attendence(HR)'!A7:B56,2,TRUE) -> Present | E12: =VLOOKUP(B12,'Login Report(WFM)'!A7:C56,2,TRUE) -> 8.8 | F12: =VLOOKUP(B12,'Login Report(WFM)'!A7:C56,3,TRUE) -> 0.8 | G12: =VLOOKUP(B12,'Calls Report'!A7:C56,3,TRUE) -> 48 | H12: =VLOOKUP(B12,'Calls Report'!A7:C56,2,TRUE) -> 870 | I12: =VLOOKUP(B12,'Cutomer Feedback'!A7:B56,2,TRUE) -> Negative | J12: =IF(AND(G12>=50,H12<=850,I12="Positive"),"Top Performer",IF(AND(G12>=50,H12<=900,I12="Positive"),"Good Performer","Needs Improvement")) -> Needs Improvement
A13: Team A | B13: 107 | C13: =VLOOKUP(B13,'Teams Detail'!A8:C57,2,TRUE) -> Vikas | D13: =VLOOKUP(B13,'Attendence(HR)'!A8:B57,2,TRUE) -> Present | E13: =VLOOKUP(B13,'Login Report(WFM)'!A8:C57,2,TRUE) -> 9 | F13: =VLOOKUP(B13,'Login Report(WFM)'!A8:C57,3,TRUE) -> 1 | G13: =VLOOKUP(B13,'Calls Report'!A8:C57,3,TRUE) -> 65 | H13: =VLOOKUP(B13,'Calls Report'!A8:C57,2,TRUE) -> 890 | I13: =VLOOKUP(B13,'Cutomer Feedback'!A8:B57,2,TRUE) -> Positive | J13: =IF(AND(G13>=50,H13<=850,I13="Positive"),"Top Performer",IF(AND(G13>=50,H13<=900,I13="Positive"),"Good Performer","Needs Improvement")) -> Good Performer
A14: Team A | B14: 108 | C14: =VLOOKUP(B14,'Teams Detail'!A9:C58,2,TRUE) -> Karan | D14: =VLOOKUP(B14,'Attendence(HR)'!A9:B58,2,TRUE) -> Absent | E14: =VLOOKUP(B14,'Login Report(WFM)'!A9:C58,2,TRUE) -> 8.5 | F14: =VLOOKUP(B14,'Login Report(WFM)'!A9:C58,3,TRUE) -> 0.5 | G14: =VLOOKUP(B14,'Calls Report'!A9:C58,3,TRUE) -> 40 | H14: =VLOOKUP(B14,'Calls Report'!A9:C58,2,TRUE) -> 940 | I14: =VLOOKUP(B14,'Cutomer Feedback'!A9:B58,2,TRUE) -> Negative | J14: =IF(AND(G14>=50,H14<=850,I14="Positive"),"Top Performer",IF(AND(G14>=50,H14<=900,I14="Positive"),"Good Performer","Needs Improvement")) -> Needs Improvement
A15: Team A | B15: 109 | C15: =VLOOKUP(B15,'Teams Detail'!A10:C59,2,TRUE) -> Anjali | D15: =VLOOKUP(B15,'Attendence(HR)'!A10:B59,2,TRUE) -> Present | E15: =VLOOKUP(B15,'Login Report(WFM)'!A10:C59,2,TRUE) -> 9 | F15: =VLOOKUP(B15,'Login Report(WFM)'!A10:C59,3,TRUE) -> 1 | G15: =VLOOKUP(B15,'Calls Report'!A10:C59,3,TRUE) -> 58 | H15: =VLOOKUP(B15,'Calls Report'!A10:C59,2,TRUE) -> 860 | I15: =VLOOKUP(B15,'Cutomer Feedback'!A10:B59,2,TRUE) -> Positive | J15: =IF(AND(G15>=50,H15<=850,I15="Positive"),"Top Performer",IF(AND(G15>=50,H15<=900,I15="Positive"),"Good Performer","Needs Improvement")) -> Good Performer
A16: Team A | B16: 110 | C16: =VLOOKUP(B16,'Teams Detail'!A11:C60,2,TRUE) -> Deepak | D16: =VLOOKUP(B16,'Attendence(HR)'!A11:B60,2,TRUE) -> Present | E16: =VLOOKUP(B16,'Login Report(WFM)'!A11:C60,2,TRUE) -> 9 | F16: =VLOOKUP(B16,'Login Report(WFM)'!A11:C60,3,TRUE) -> 1 | G16: =VLOOKUP(B16,'Calls Report'!A11:C60,3,TRUE) -> 75 | H16: =VLOOKUP(B16,'Calls Report'!A11:C60,2,TRUE) -> 800 | I16: =VLOOKUP(B16,'Cutomer Feedback'!A11:B60,2,TRUE) -> Positive | J16: =IF(AND(G16>=50,H16<=850,I16="Positive"),"Top Performer",IF(AND(G16>=50,H16<=900,I16="Positive"),"Good Performer","Needs Improvement")) -> Top Performer
A17: Team A | B17: 111 | C17: =VLOOKUP(B17,'Teams Detail'!A12:C61,2,TRUE) -> Manoj | D17: =VLOOKUP(B17,'Attendence(HR)'!A12:B61,2,TRUE) -> Present | E17: =VLOOKUP(B17,'Login Report(WFM)'!A12:C61,2,TRUE) -> 8.7 | F17: =VLOOKUP(B17,'Login Report(WFM)'!A12:C61,3,TRUE) -> 0.7 | G17: =VLOOKUP(B17,'Calls Report'!A12:C61,3,TRUE) -> 49 | H17: =VLOOKUP(B17,'Calls Report'!A12:C61,2,TRUE) -> 905 | I17: =VLOOKUP(B17,'Cutomer Feedback'!A12:B61,2,TRUE) -> Neutral | J17: =IF(AND(G17>=50,H17<=850,I17="Positive"),"Top Performer",IF(AND(G17>=50,H17<=900,I17="Positive"),"Good Performer","Needs Improvement")) -> Needs Improvement
A18: Team A | B18: 112 | C18: =VLOOKUP(B18,'Teams Detail'!A13:C62,2,TRUE) -> Pooja | D18: =VLOOKUP(B18,'Attendence(HR)'!A13:B62,2,TRUE) -> Present | E18: =VLOOKUP(B18,'Login Report(WFM)'!A13:C62,2,TRUE) -> 9 | F18: =VLOOKUP(B18,'Login Report(WFM)'!A13:C62,3,TRUE) -> 1 | G18: =VLOOKUP(B18,'Calls Report'!A13:C62,3,TRUE) -> 62 | H18: =VLOOKUP(B18,'Calls Report'!A13:C62,2,TRUE) -> 870 | I18: =VLOOKUP(B18,'Cutomer Feedback'!A13:B62,2,TRUE) -> Positive | J18: =IF(AND(G18>=50,H18<=850,I18="Positive"),"Top Performer",IF(AND(G18>=50,H18<=900,I18="Positive"),"Good Performer","Needs Improvement")) -> Good Performer
... A56: Team D | B56: 150 | C56: =VLOOKUP(B56,'Teams Detail'!A51:C100,2,TRUE) -> Neeraj | D56: =VLOOKUP(B56,'Attendence(HR)'!A51:B100,2,TRUE) -> Present | E56: =VLOOKUP(B56,'Login Report(WFM)'!A51:C100,2,TRUE) -> 9 | F56: =VLOOKUP(B56,'Login Report(WFM)'!A51:C100,3,TRUE) -> 1 | G56: =VLOOKUP(B56,'Calls Report'!A51:C100,3,TRUE) -> 68 | H56: =VLOOKUP(B56,'Calls Report'!A51:C100,2,TRUE) -> 850 | I56: =VLOOKUP(B56,'Cutomer Feedback'!A51:B100,2,TRUE) -> Positive | J56: =IF(AND(G56>=50,H56<=850,I56="Positive"),"Top Performer",IF(AND(G56>=50,H56<=900,I56="Positive"),"Good Performer","Needs Improvement")) -> Top Performer

Sheet Pivot Table
A3: Row Labels | B3: Count of EMP ID
A4: Negative | B4: 10
A5: Neutral | B5: 7
A6: Positive | B6: 33
A7: Grand Total | B7: 50
A9: Count of EMP ID | B9: Column Labels
A10: Row Labels | B10: Positive | C10: Neutral | D10: Negative | E10: Grand Total
A11: Team A | B11: 7 | C11: 2 | D11: 3 | E11: 12
A12: Team B | B12: 8 | C12: 1 | D12: 3 | E12: 12
A13: Team C | B13: 8 | C13: 2 | D13: 2 | E13: 12
A14: Team D | B14: 10 | C14: 2 | D14: 2 | E14: 14
A15: Grand Total | B15: 33 | C15: 7 | D15: 10 | E15: 50
A17: Row Labels | B17: Count of EMP ID
A18: Absent | B18: 3
A19: Planned Leave | B19: 1
A20: Present | B20: 45
A21: Week Off | B21: 1
A22: Grand Total | B22: 50
A24: Count of EMP ID | B24: Column Labels
A25: Row Labels | B25: Top Performer | C25: Good Performer | D25: Needs Improvement | E25: Grand Total
A26: Team A | B26: 3 | C26: 3 | D26: 6 | E26: 12
A27: Team B | B27: 2 | C27: 5 | D27: 5 | E27: 12
A28: Team C | B28: 2 | C28: 6 | D28: 4 | E28: 12
A29: Team D | B29: 2 | C29: 7 | D29: 5 | E29: 14
A30: Grand Total | B30: 9 | C30: 21 | D30: 20 | E30: 50
A32: Row Labels | B32: Sum of Calls
A33: Team A | B33: 679
A34: Team B | B34: 665
A35: Team C | B35: 684
A36: Team D | B36: 805
A37: Grand Total | B37: 2833

Sheet Calls Report
A1: Emp ID | B1: AHT | C1: Calls Handled
A2: 101 | B2: 850 | C2: 60
A3: 102 | B3: 920 | C3: 45
A4: 103 | B4: 780 | C4: 70
A5: 104 | B5: 880 | C5: 55
A6: 105 | B6: 910 | C6: 52
A7: 106 | B7: 870 | C7: 48
A8: 107 | B8: 890 | C8: 65
A9: 108 | B9: 940 | C9: 40
A10: 109 | B10: 860 | C10: 58
A11: 110 | B11: 800 | C11: 75
A12: 111 | B12: 905 | C12: 49
A13: 112 | B13: 870 | C13: 62
... A51: 150 | B51: 850 | C51: 68

Sheet Login Report(WFM)
A1: Emp ID | B1: Login Hours | C1: Break
A2: 101 | B2: 9 | C2: 1
A3: 102 | B3: 8.5 | C3: 0.5
A4: 103 | B4: 9 | C4: 1
A5: 104 | B5: 9 | C5: 1
A6: 105 | B6: 9 | C6: 1
A7: 106 | B7: 8.8 | C7: 0.8
A8: 107 | B8: 9 | C8: 1
A9: 108 | B9: 8.5 | C9: 0.5
A10: 109 | B10: 9 | C10: 1
A11: 110 | B11: 9 | C11: 1
A12: 111 | B12: 8.7 | C12: 0.7
A13: 112 | B13: 9 | C13: 1
... A51: 150 | B51: 9 | C51: 1

Sheet Attendence(HR)
A1: Emp ID | B1: Attendance
A2: 101 | B2: Present
A3: 102 | B3: Present
A4: 103 | B4: Present
A5: 104 | B5: Week Off
A6: 105 | B6: Present
A7: 106 | B7: Present
A8: 107 | B8: Present
A9: 108 | B9: Absent
A10: 109 | B10: Present
A11: 110 | B11: Present
A12: 111 | B12: Present
A13: 112 | B13: Present
... A51: 150 | B51: Present

Sheet Cutomer Feedback
A1: EMP ID | B1: Customer Feedback
A2: 101 | B2: Positive
A3: 102 | B3: Negative
A4: 103 | B4: Positive
A5: 104 | B5: Neutral
A6: 105 | B6: Positive
A7: 106 | B7: Negative
A8: 107 | B8: Positive
A9: 108 | B9: Negative
A10: 109 | B10: Positive
A11: 110 | B11: Positive
A12: 111 | B12: Neutral
A13: 112 | B13: Positive
... A51: 150 | B51: Positive

Sheet Teams Detail
A1: Emp ID | B1: Name | C1: Team
A2: 101 | B2: Rahul | C2: Team A
A3: 102 | B3: Amit | C3: Team A
A4: 103 | B4: Neha | C4: Team A
A5: 104 | B5: Priya | C5: Team A
A6: 105 | B6: Rohit | C6: Team A
A7: 106 | B7: Sonia | C7: Team A
A8: 107 | B8: Vikas | C8: Team A
A9: 108 | B9: Karan | C9: Team A
A10: 109 | B10: Anjali | C10: Team A
A11: 110 | B11: Deepak | C11: Team A
A12: 111 | B12: Manoj | C12: Team A
A13: 112 | B13: Pooja | C13: Team A
... A51: 150 | B51: Neeraj | C51: Team D
